accuracy_score,roc_auc_score,f1_score,balanced_accuracy_score,matthews_corrcoef
0.8270142180094787,0.9107506299670479,0.7753846153846154,0.8251356852103121,0.6376575044772932
0.8246445497630331,0.9000654196549719,0.7687500000000002,0.8191267687536344,0.6289946641907189
0.8317535545023697,0.9202243651870519,0.7760252365930599,0.8247237836790076,0.6421376991571078
0.8175355450236966,0.9174622019771274,0.7659574468085107,0.8176729986431479,0.6208269404702718
0.8199052132701422,0.9093453188602443,0.761006289308176,0.812633262260128,0.6175344047588942
