accuracy_score,roc_auc_score,f1_score,balanced_accuracy_score,matthews_corrcoef
0.6943127962085308,0.7594131614654002,0.60790273556231,0.6847499515409963,0.3610560156422716
0.6966824644549763,0.7904511533242875,0.6167664670658682,0.6907588679976739,0.3713629338353316
0.7061611374407583,0.7709221748400852,0.6124999999999999,0.6913161465400272,0.37708160871990865
0.7132701421800948,0.7734905020352781,0.6206896551724138,0.6982942430703625,0.3912544815827659
0.7156398104265402,0.7773429928280675,0.6341463414634148,0.7070653227369645,0.40500898886719483
